ticker,earliest_date,latest_date,rows,status,duplicates_removed
AMZN,1997-05-15,2026-10-08,7396,updated,0
META,2012-05-18,2026-10-08,3618,updated,0
GOOGL,2004-08-19,2026-10-08,5570,updated,0
NVDA,1999-01-22,2026-10-08,6971,updated,0
AAPL,1980-12-12,2026-10-08,11548,updated,0
ORCL,1986-03-12,2026-10-08,10223,updated,0
ADBE,1986-08-13,2026-10-08,10115,updated,0
MSFT,1986-03-13,2026-10-08,10222,updated,0
CRM,2004-06-23,2026-10-08,5610,updated,0
CSCO,1990-02-16,2026-10-08,9226,updated,0
INTC,1980-03-17,2026-10-08,11736,updated,0
AMD,1980-03-17,2026-10-08,11736,updated,0
QCOM,1991-12-13,2026-10-08,8765,updated,0
JPM,1980-03-17,2026-10-08,11735,updated,0
TXN,1972-06-01,2026-10-08,13701,updated,0
IBM,1962-01-02,2026-10-08,16300,updated,0
BAC,1973-02-21,2026-10-08,13521,updated,0
GS,1999-05-04,2026-10-08,6900,updated,0
BLK,1999-10-01,2026-10-08,6795,updated,0
MS,1993-02-23,2026-10-08,8464,updated,0
C,1977-01-03,2026-10-08,12544,updated,0
WFC,1972-06-01,2026-10-08,13701,updated,0
V,2008-03-19,2026-10-08,4668,updated,0
SCHW,1987-09-22,2026-10-08,9835,updated,0
AXP,1972-06-01,2026-10-08,13701,updated,0
BRK-B,1996-05-09,2026-10-08,7652,updated,0
ABBV,2013-01-02,2026-10-08,3462,updated,0
MA,2006-05-25,2026-10-08,5124,updated,0
UNH,1984-10-17,2026-10-08,10574,updated,0
PFE,1972-06-01,2026-10-08,13701,updated,0
JNJ,1962-01-02,2026-10-08,16300,updated,0
TMO,1980-03-17,2026-10-08,11735,updated,0
LLY,1972-06-01,2026-10-08,13701,updated,0
MRK,1962-01-02,2026-10-08,16300,updated,0
ABT,1980-03-17,2026-10-08,11735,updated,0
AMGN,1983-06-17,2026-10-08,10912,updated,0
BMY,1972-06-01,2026-10-08,13701,updated,0
GILD,1992-01-22,2026-10-08,8739,updated,0
CVS,1973-02-21,2026-10-08,13521,updated,0
MDLZ,2001-06-13,2026-10-08,6367,updated,0
COST,1986-07-09,2026-10-08,10140,updated,0
KO,1962-01-02,2026-10-08,16300,updated,0
PG,1962-01-02,2026-10-08,16300,updated,0
WMT,1972-08-25,2026-10-08,13642,updated,0
PEP,1972-06-01,2026-10-08,13701,updated,0
CL,1973-05-02,2026-10-08,13472,updated,0
HD,1981-09-22,2026-10-08,11352,updated,0
KMB,1980-03-17,2026-10-08,11735,updated,0
BKNG,1999-03-31,2026-10-08,6923,updated,0
LOW,1980-03-17,2026-10-08,11735,updated,0
NKE,1980-12-02,2026-10-08,11556,updated,0
MCD,1966-07-05,2026-10-08,15165,updated,0
TGT,1973-02-21,2026-10-08,13521,updated,0
UBER,2019-05-10,2026-10-08,1863,updated,0
ABNB,2020-12-10,2026-10-08,1462,updated,0
TJX,1987-06-26,2026-10-08,9895,updated,0
SBUX,1992-06-26,2026-10-08,8630,updated,0
DIS,1962-01-02,2026-10-08,16300,updated,0
F,1972-06-01,2026-10-08,13702,updated,0
XOM,1962-01-02,2026-10-08,16300,updated,0
PSX,2012-04-12,2026-10-08,3643,updated,0
SLB,1981-12-31,2026-10-08,11282,updated,0
CVX,1962-01-02,2026-10-08,16301,updated,0
COP,1981-12-31,2026-10-08,11282,updated,0
EOG,1989-10-04,2026-10-08,9320,updated,0
OXY,1981-12-31,2026-10-08,11282,updated,0
UPS,1999-11-10,2026-10-08,6767,updated,0
BA,1962-01-02,2026-10-08,16300,updated,0
GE,1962-01-02,2026-10-08,16300,updated,0
HON,1962-01-02,2026-10-08,16300,updated,0
CAT,1962-01-02,2026-10-08,16300,updated,0
LMT,1962-01-02,2026-10-08,16299,updated,0
RTX,1962-04-02,2026-10-08,16237,updated,0
TMUS,2007-04-19,2026-10-08,4900,updated,0
DE,1972-06-01,2026-10-08,13701,updated,0
UNP,1980-01-02,2026-10-08,11787,updated,0
T,1983-11-21,2026-10-08,10803,updated,0
MMM,1962-01-02,2026-10-08,16300,updated,0
VZ,1983-11-21,2026-10-08,10803,updated,0
NFLX,2002-05-23,2026-10-08,6134,updated,0
SNAP,2017-03-02,2026-10-08,2415,updated,0
CMCSA,1980-03-17,2026-10-08,11735,updated,0
AMT,1998-02-27,2026-10-08,7197,updated,0
PLD,1997-11-21,2026-10-08,7262,updated,0
DUK,1980-03-17,2026-10-08,11735,updated,0
NEE,1973-02-21,2026-10-08,13522,updated,0
O,1994-10-18,2026-10-08,8046,updated,0
SO,1981-12-31,2026-10-08,11282,updated,0
SPY,1993-01-29,2026-10-08,8481,updated,0
QQQ,1999-03-10,2026-10-08,6939,updated,0
PLTR,2020-09-30,2026-10-08,1513,updated,0
COIN,2021-04-14,2026-10-08,1379,updated,0
SNOW,2020-09-16,2026-10-08,1522,updated,0
RIVN,2021-11-10,2026-10-08,1232,updated,0
TSLA,2010-06-29,2026-10-08,4095,updated,0
IWM,2000-05-26,2026-10-08,6630,updated,0
VTI,2001-06-15,2026-10-08,6365,updated,0
DIA,1998-01-20,2026-10-08,7224,updated,0
SHOP,2015-05-20,2026-10-08,2863,updated,0
